target,best_model,r2,rmse,dir_acc,n_oos_periods
y_IWM,quantile,0.0413722934798636,0.08771092859336811,0.6685393258426966,178
y_QQQ,quantile,-0.012713946264435005,0.07744574074924614,0.7808988764044944,178
y_SPY,quantile,0.03206034574155214,0.06034391974025135,0.7584269662921348,178
